{
  "ABIRoot": {
    "kind": "Root",
    "name": "oneSDKBranch",
    "printedName": "oneSDKBranch",
    "children": [
      {
        "kind": "Import",
        "name": "UIKit",
        "printedName": "UIKit",
        "declKind": "Import",
        "moduleName": "oneSDKBranch",
        "declAttributes": [
          "RawDocComment"
        ]
      },
      {
        "kind": "Import",
        "name": "Foundation",
        "printedName": "Foundation",
        "declKind": "Import",
        "moduleName": "oneSDKBranch"
      },
      {
        "kind": "Import",
        "name": "GoogleSignIn",
        "printedName": "GoogleSignIn",
        "declKind": "Import",
        "moduleName": "oneSDKBranch"
      },
      {
        "kind": "TypeDecl",
        "name": "oneSDKBranchLoginView",
        "printedName": "oneSDKBranchLoginView",
        "children": [
          {
            "kind": "Function",
            "name": "viewDidLoad",
            "printedName": "viewDidLoad()",
            "children": [
              {
                "kind": "TypeNominal",
                "name": "Void",
                "printedName": "()"
              }
            ],
            "declKind": "Func",
            "usr": "c:@M@oneSDKBranch@objc(cs)oneSDKBranchLoginView(im)viewDidLoad",
            "mangledName": "$s12oneSDKBranch0aB9LoginViewC11viewDidLoadyyF",
            "moduleName": "oneSDKBranch",
            "overriding": true,
            "isOpen": true,
            "objc_name": "viewDidLoad",
            "declAttributes": [
              "Dynamic",
              "ObjC",
              "Preconcurrency",
              "Custom",
              "Override",
              "RawDocComment"
            ],
            "funcSelfKind": "NonMutating"
          },
          {
            "kind": "Constructor",
            "name": "init",
            "printedName": "init(nibName:bundle:)",
            "children": [
              {
                "kind": "TypeNominal",
                "name": "oneSDKBranchLoginView",
                "printedName": "oneSDKBranch.oneSDKBranchLoginView",
                "usr": "c:@M@oneSDKBranch@objc(cs)oneSDKBranchLoginView"
              },
              {
                "kind": "TypeNominal",
                "name": "Optional",
                "printedName": "Swift.String?",
                "children": [
                  {
                    "kind": "TypeNominal",
                    "name": "String",
                    "printedName": "Swift.String",
                    "usr": "s:SS"
                  }
                ],
                "usr": "s:Sq"
              },
              {
                "kind": "TypeNominal",
                "name": "Optional",
                "printedName": "Foundation.Bundle?",
                "children": [
                  {
                    "kind": "TypeNominal",
                    "name": "Bundle",
                    "printedName": "Foundation.Bundle",
                    "usr": "c:objc(cs)NSBundle"
                  }
                ],
                "usr": "s:Sq"
              }
            ],
            "declKind": "Constructor",
            "usr": "c:@M@oneSDKBranch@objc(cs)oneSDKBranchLoginView(im)initWithNibName:bundle:",
            "mangledName": "$s12oneSDKBranch0aB9LoginViewC7nibName6bundleACSSSg_So8NSBundleCSgtcfc",
            "moduleName": "oneSDKBranch",
            "overriding": true,
            "implicit": true,
            "objc_name": "initWithNibName:bundle:",
            "declAttributes": [
              "Dynamic",
              "ObjC",
              "Preconcurrency",
              "Custom",
              "Override"
            ],
            "init_kind": "Designated"
          },
          {
            "kind": "Constructor",
            "name": "init",
            "printedName": "init(coder:)",
            "children": [
              {
                "kind": "TypeNominal",
                "name": "Optional",
                "printedName": "oneSDKBranch.oneSDKBranchLoginView?",
                "children": [
                  {
                    "kind": "TypeNominal",
                    "name": "oneSDKBranchLoginView",
                    "printedName": "oneSDKBranch.oneSDKBranchLoginView",
                    "usr": "c:@M@oneSDKBranch@objc(cs)oneSDKBranchLoginView"
                  }
                ],
                "usr": "s:Sq"
              },
              {
                "kind": "TypeNominal",
                "name": "NSCoder",
                "printedName": "Foundation.NSCoder",
                "usr": "c:objc(cs)NSCoder"
              }
            ],
            "declKind": "Constructor",
            "usr": "c:@M@oneSDKBranch@objc(cs)oneSDKBranchLoginView(im)initWithCoder:",
            "mangledName": "$s12oneSDKBranch0aB9LoginViewC5coderACSgSo7NSCoderC_tcfc",
            "moduleName": "oneSDKBranch",
            "overriding": true,
            "implicit": true,
            "objc_name": "initWithCoder:",
            "declAttributes": [
              "Dynamic",
              "ObjC",
              "Preconcurrency",
              "Custom",
              "Required"
            ],
            "init_kind": "Designated"
          }
        ],
        "declKind": "Class",
        "usr": "c:@M@oneSDKBranch@objc(cs)oneSDKBranchLoginView",
        "mangledName": "$s12oneSDKBranch0aB9LoginViewC",
        "moduleName": "oneSDKBranch",
        "isOpen": true,
        "declAttributes": [
          "Preconcurrency",
          "Custom",
          "ObjC"
        ],
        "superclassUsr": "c:objc(cs)UIViewController",
        "inheritsConvenienceInitializers": true,
        "superclassNames": [
          "UIKit.UIViewController",
          "UIKit.UIResponder",
          "ObjectiveC.NSObject"
        ],
        "conformances": [
          {
            "kind": "Conformance",
            "name": "Copyable",
            "printedName": "Copyable",
            "usr": "s:s8CopyableP",
            "mangledName": "$ss8CopyableP"
          },
          {
            "kind": "Conformance",
            "name": "Escapable",
            "printedName": "Escapable",
            "usr": "s:s9EscapableP",
            "mangledName": "$ss9EscapableP"
          },
          {
            "kind": "Conformance",
            "name": "Equatable",
            "printedName": "Equatable",
            "usr": "s:SQ",
            "mangledName": "$sSQ"
          },
          {
            "kind": "Conformance",
            "name": "Hashable",
            "printedName": "Hashable",
            "usr": "s:SH",
            "mangledName": "$sSH"
          },
          {
            "kind": "Conformance",
            "name": "CVarArg",
            "printedName": "CVarArg",
            "usr": "s:s7CVarArgP",
            "mangledName": "$ss7CVarArgP"
          },
          {
            "kind": "Conformance",
            "name": "_KeyValueCodingAndObservingPublishing",
            "printedName": "_KeyValueCodingAndObservingPublishing",
            "usr": "s:10Foundation37_KeyValueCodingAndObservingPublishingP",
            "mangledName": "$s10Foundation37_KeyValueCodingAndObservingPublishingP"
          },
          {
            "kind": "Conformance",
            "name": "_KeyValueCodingAndObserving",
            "printedName": "_KeyValueCodingAndObserving",
            "usr": "s:10Foundation27_KeyValueCodingAndObservingP",
            "mangledName": "$s10Foundation27_KeyValueCodingAndObservingP"
          },
          {
            "kind": "Conformance",
            "name": "CustomStringConvertible",
            "printedName": "CustomStringConvertible",
            "usr": "s:s23CustomStringConvertibleP",
            "mangledName": "$ss23CustomStringConvertibleP"
          },
          {
            "kind": "Conformance",
            "name": "CustomDebugStringConvertible",
            "printedName": "CustomDebugStringConvertible",
            "usr": "s:s28CustomDebugStringConvertibleP",
            "mangledName": "$ss28CustomDebugStringConvertibleP"
          },
          {
            "kind": "Conformance",
            "name": "UITraitChangeObservable",
            "printedName": "UITraitChangeObservable",
            "usr": "s:5UIKit23UITraitChangeObservableP",
            "mangledName": "$s5UIKit23UITraitChangeObservableP"
          }
        ]
      },
      {
        "kind": "Import",
        "name": "UIKit",
        "printedName": "UIKit",
        "declKind": "Import",
        "moduleName": "oneSDKBranch",
        "declAttributes": [
          "RawDocComment"
        ]
      },
      {
        "kind": "Import",
        "name": "Foundation",
        "printedName": "Foundation",
        "declKind": "Import",
        "moduleName": "oneSDKBranch"
      },
      {
        "kind": "TypeDecl",
        "name": "oneSDKBranchUtils",
        "printedName": "oneSDKBranchUtils",
        "children": [
          {
            "kind": "Function",
            "name": "getCurrentVC",
            "printedName": "getCurrentVC()",
            "children": [
              {
                "kind": "TypeNominal",
                "name": "Optional",
                "printedName": "UIKit.UIViewController?",
                "children": [
                  {
                    "kind": "TypeNominal",
                    "name": "UIViewController",
                    "printedName": "UIKit.UIViewController",
                    "usr": "c:objc(cs)UIViewController"
                  }
                ],
                "usr": "s:Sq"
              }
            ],
            "declKind": "Func",
            "usr": "s:12oneSDKBranch0aB5UtilsC12getCurrentVCSo16UIViewControllerCSgyFZ",
            "mangledName": "$s12oneSDKBranch0aB5UtilsC12getCurrentVCSo16UIViewControllerCSgyFZ",
            "moduleName": "oneSDKBranch",
            "static": true,
            "declAttributes": [
              "Final",
              "AccessControl"
            ],
            "funcSelfKind": "NonMutating"
          },
          {
            "kind": "Constructor",
            "name": "init",
            "printedName": "init()",
            "children": [
              {
                "kind": "TypeNominal",
                "name": "oneSDKBranchUtils",
                "printedName": "oneSDKBranch.oneSDKBranchUtils",
                "usr": "s:12oneSDKBranch0aB5UtilsC"
              }
            ],
            "declKind": "Constructor",
            "usr": "s:12oneSDKBranch0aB5UtilsCACycfc",
            "mangledName": "$s12oneSDKBranch0aB5UtilsCACycfc",
            "moduleName": "oneSDKBranch",
            "implicit": true,
            "init_kind": "Designated"
          }
        ],
        "declKind": "Class",
        "usr": "s:12oneSDKBranch0aB5UtilsC",
        "mangledName": "$s12oneSDKBranch0aB5UtilsC",
        "moduleName": "oneSDKBranch",
        "isOpen": true,
        "declAttributes": [
          "AccessControl"
        ],
        "conformances": [
          {
            "kind": "Conformance",
            "name": "Copyable",
            "printedName": "Copyable",
            "usr": "s:s8CopyableP",
            "mangledName": "$ss8CopyableP"
          },
          {
            "kind": "Conformance",
            "name": "Escapable",
            "printedName": "Escapable",
            "usr": "s:s9EscapableP",
            "mangledName": "$ss9EscapableP"
          }
        ]
      },
      {
        "kind": "Import",
        "name": "Foundation",
        "printedName": "Foundation",
        "declKind": "Import",
        "moduleName": "oneSDKBranch",
        "declAttributes": [
          "RawDocComment"
        ]
      },
      {
        "kind": "TypeDecl",
        "name": "always",
        "printedName": "always",
        "children": [
          {
            "kind": "Function",
            "name": "sendLogin",
            "printedName": "sendLogin()",
            "children": [
              {
                "kind": "TypeNominal",
                "name": "Void",
                "printedName": "()"
              }
            ],
            "declKind": "Func",
            "usr": "s:12oneSDKBranch6alwaysC9sendLoginyyFZ",
            "mangledName": "$s12oneSDKBranch6alwaysC9sendLoginyyFZ",
            "moduleName": "oneSDKBranch",
            "static": true,
            "declAttributes": [
              "Final"
            ],
            "funcSelfKind": "NonMutating"
          },
          {
            "kind": "Function",
            "name": "updateGameInfo",
            "printedName": "updateGameInfo(UserName:Vip:)",
            "children": [
              {
                "kind": "TypeNominal",
                "name": "Void",
                "printedName": "()"
              },
              {
                "kind": "TypeNominal",
                "name": "String",
                "printedName": "Swift.String",
                "usr": "s:SS"
              },
              {
                "kind": "TypeNominal",
                "name": "Int",
                "printedName": "Swift.Int",
                "usr": "s:Si"
              }
            ],
            "declKind": "Func",
            "usr": "s:12oneSDKBranch6alwaysC14updateGameInfo8UserName3VipySS_SitFZ",
            "mangledName": "$s12oneSDKBranch6alwaysC14updateGameInfo8UserName3VipySS_SitFZ",
            "moduleName": "oneSDKBranch",
            "static": true,
            "objc_name": "updateGameInfoWithUserName:Vip:",
            "declAttributes": [
              "Final",
              "AccessControl",
              "ObjC",
              "RawDocComment"
            ],
            "funcSelfKind": "NonMutating"
          },
          {
            "kind": "Constructor",
            "name": "init",
            "printedName": "init()",
            "children": [
              {
                "kind": "TypeNominal",
                "name": "always",
                "printedName": "oneSDKBranch.always",
                "usr": "s:12oneSDKBranch6alwaysC"
              }
            ],
            "declKind": "Constructor",
            "usr": "s:12oneSDKBranch6alwaysCACycfc",
            "mangledName": "$s12oneSDKBranch6alwaysCACycfc",
            "moduleName": "oneSDKBranch",
            "implicit": true,
            "init_kind": "Designated"
          }
        ],
        "declKind": "Class",
        "usr": "s:12oneSDKBranch6alwaysC",
        "mangledName": "$s12oneSDKBranch6alwaysC",
        "moduleName": "oneSDKBranch",
        "isOpen": true,
        "declAttributes": [
          "AccessControl"
        ],
        "conformances": [
          {
            "kind": "Conformance",
            "name": "Copyable",
            "printedName": "Copyable",
            "usr": "s:s8CopyableP",
            "mangledName": "$ss8CopyableP"
          },
          {
            "kind": "Conformance",
            "name": "Escapable",
            "printedName": "Escapable",
            "usr": "s:s9EscapableP",
            "mangledName": "$ss9EscapableP"
          }
        ]
      },
      {
        "kind": "Import",
        "name": "UIKit",
        "printedName": "UIKit",
        "declKind": "Import",
        "moduleName": "oneSDKBranch",
        "declAttributes": [
          "RawDocComment"
        ]
      },
      {
        "kind": "Import",
        "name": "Foundation",
        "printedName": "Foundation",
        "declKind": "Import",
        "moduleName": "oneSDKBranch"
      },
      {
        "kind": "TypeDecl",
        "name": "oneSDKBranchRegisterView",
        "printedName": "oneSDKBranchRegisterView",
        "children": [
          {
            "kind": "Var",
            "name": "titleLabel",
            "printedName": "titleLabel",
            "children": [
              {
                "kind": "TypeNominal",
                "name": "UILabel",
                "printedName": "UIKit.UILabel",
                "usr": "c:objc(cs)UILabel"
              }
            ],
            "declKind": "Var",
            "usr": "s:12oneSDKBranch0aB12RegisterViewC10titleLabel33_F2ACA3580A2213A001DC0F296E1076E5LLSo7UILabelCvp",
            "mangledName": "$s12oneSDKBranch0aB12RegisterViewC10titleLabel33_F2ACA3580A2213A001DC0F296E1076E5LLSo7UILabelCvp",
            "moduleName": "oneSDKBranch",
            "isInternal": true,
            "declAttributes": [
              "HasInitialValue",
              "Final",
              "Preconcurrency",
              "Custom",
              "HasStorage",
              "AccessControl",
              "RawDocComment"
            ],
            "fixedbinaryorder": 0,
            "isLet": true,
            "hasStorage": true
          },
          {
            "kind": "Var",
            "name": "usernameTextField",
            "printedName": "usernameTextField",
            "children": [
              {
                "kind": "TypeNominal",
                "name": "UITextField",
                "printedName": "UIKit.UITextField",
                "usr": "c:objc(cs)UITextField"
              }
            ],
            "declKind": "Var",
            "usr": "s:12oneSDKBranch0aB12RegisterViewC17usernameTextField33_F2ACA3580A2213A001DC0F296E1076E5LLSo06UITextG0Cvp",
            "mangledName": "$s12oneSDKBranch0aB12RegisterViewC17usernameTextField33_F2ACA3580A2213A001DC0F296E1076E5LLSo06UITextG0Cvp",
            "moduleName": "oneSDKBranch",
            "isInternal": true,
            "declAttributes": [
              "HasInitialValue",
              "Final",
              "Preconcurrency",
              "Custom",
              "HasStorage",
              "AccessControl",
              "RawDocComment"
            ],
            "fixedbinaryorder": 1,
            "isLet": true,
            "hasStorage": true
          },
          {
            "kind": "Var",
            "name": "passwordTextField",
            "printedName": "passwordTextField",
            "children": [
              {
                "kind": "TypeNominal",
                "name": "UITextField",
                "printedName": "UIKit.UITextField",
                "usr": "c:objc(cs)UITextField"
              }
            ],
            "declKind": "Var",
            "usr": "s:12oneSDKBranch0aB12RegisterViewC17passwordTextField33_F2ACA3580A2213A001DC0F296E1076E5LLSo06UITextG0Cvp",
            "mangledName": "$s12oneSDKBranch0aB12RegisterViewC17passwordTextField33_F2ACA3580A2213A001DC0F296E1076E5LLSo06UITextG0Cvp",
            "moduleName": "oneSDKBranch",
            "isInternal": true,
            "declAttributes": [
              "HasInitialValue",
              "Final",
              "Preconcurrency",
              "Custom",
              "HasStorage",
              "AccessControl",
              "RawDocComment"
            ],
            "fixedbinaryorder": 2,
            "isLet": true,
            "hasStorage": true
          },
          {
            "kind": "Var",
            "name": "registerButton",
            "printedName": "registerButton",
            "children": [
              {
                "kind": "TypeNominal",
                "name": "UIButton",
                "printedName": "UIKit.UIButton",
                "usr": "c:objc(cs)UIButton"
              }
            ],
            "declKind": "Var",
            "usr": "s:12oneSDKBranch0aB12RegisterViewC14registerButton33_F2ACA3580A2213A001DC0F296E1076E5LLSo8UIButtonCvp",
            "mangledName": "$s12oneSDKBranch0aB12RegisterViewC14registerButton33_F2ACA3580A2213A001DC0F296E1076E5LLSo8UIButtonCvp",
            "moduleName": "oneSDKBranch",
            "isInternal": true,
            "declAttributes": [
              "HasInitialValue",
              "Final",
              "Preconcurrency",
              "Custom",
              "HasStorage",
              "AccessControl",
              "RawDocComment"
            ],
            "fixedbinaryorder": 3,
            "isLet": true,
            "hasStorage": true
          },
          {
            "kind": "Constructor",
            "name": "init",
            "printedName": "init(frame:)",
            "children": [
              {
                "kind": "TypeNominal",
                "name": "oneSDKBranchRegisterView",
                "printedName": "oneSDKBranch.oneSDKBranchRegisterView",
                "usr": "c:@M@oneSDKBranch@objc(cs)oneSDKBranchRegisterView"
              },
              {
                "kind": "TypeNominal",
                "name": "CGRect",
                "printedName": "CoreFoundation.CGRect",
                "usr": "c:@S@CGRect"
              }
            ],
            "declKind": "Constructor",
            "usr": "c:@M@oneSDKBranch@objc(cs)oneSDKBranchRegisterView(im)initWithFrame:",
            "mangledName": "$s12oneSDKBranch0aB12RegisterViewC5frameACSo6CGRectV_tcfc",
            "moduleName": "oneSDKBranch",
            "overriding": true,
            "objc_name": "initWithFrame:",
            "declAttributes": [
              "Dynamic",
              "ObjC",
              "Preconcurrency",
              "Custom",
              "Override",
              "RawDocComment"
            ],
            "init_kind": "Designated"
          },
          {
            "kind": "Constructor",
            "name": "init",
            "printedName": "init(coder:)",
            "children": [
              {
                "kind": "TypeNominal",
                "name": "Optional",
                "printedName": "oneSDKBranch.oneSDKBranchRegisterView?",
                "children": [
                  {
                    "kind": "TypeNominal",
                    "name": "oneSDKBranchRegisterView",
                    "printedName": "oneSDKBranch.oneSDKBranchRegisterView",
                    "usr": "c:@M@oneSDKBranch@objc(cs)oneSDKBranchRegisterView"
                  }
                ],
                "usr": "s:Sq"
              },
              {
                "kind": "TypeNominal",
                "name": "NSCoder",
                "printedName": "Foundation.NSCoder",
                "usr": "c:objc(cs)NSCoder"
              }
            ],
            "declKind": "Constructor",
            "usr": "c:@M@oneSDKBranch@objc(cs)oneSDKBranchRegisterView(im)initWithCoder:",
            "mangledName": "$s12oneSDKBranch0aB12RegisterViewC5coderACSgSo7NSCoderC_tcfc",
            "moduleName": "oneSDKBranch",
            "overriding": true,
            "objc_name": "initWithCoder:",
            "declAttributes": [
              "Dynamic",
              "ObjC",
              "Preconcurrency",
              "Custom",
              "Required"
            ],
            "init_kind": "Designated"
          },
          {
            "kind": "Function",
            "name": "initView",
            "printedName": "initView()",
            "children": [
              {
                "kind": "TypeNominal",
                "name": "oneSDKBranchRegisterView",
                "printedName": "oneSDKBranch.oneSDKBranchRegisterView",
                "usr": "c:@M@oneSDKBranch@objc(cs)oneSDKBranchRegisterView"
              }
            ],
            "declKind": "Func",
            "usr": "s:12oneSDKBranch0aB12RegisterViewC04initD0ACyF",
            "mangledName": "$s12oneSDKBranch0aB12RegisterViewC04initD0ACyF",
            "moduleName": "oneSDKBranch",
            "isOpen": true,
            "declAttributes": [
              "Preconcurrency",
              "Custom",
              "RawDocComment"
            ],
            "funcSelfKind": "NonMutating"
          }
        ],
        "declKind": "Class",
        "usr": "c:@M@oneSDKBranch@objc(cs)oneSDKBranchRegisterView",
        "mangledName": "$s12oneSDKBranch0aB12RegisterViewC",
        "moduleName": "oneSDKBranch",
        "isOpen": true,
        "declAttributes": [
          "Preconcurrency",
          "Custom",
          "ObjC"
        ],
        "superclassUsr": "c:objc(cs)UIView",
        "inheritsConvenienceInitializers": true,
        "superclassNames": [
          "UIKit.UIView",
          "UIKit.UIResponder",
          "ObjectiveC.NSObject"
        ],
        "conformances": [
          {
            "kind": "Conformance",
            "name": "Copyable",
            "printedName": "Copyable",
            "usr": "s:s8CopyableP",
            "mangledName": "$ss8CopyableP"
          },
          {
            "kind": "Conformance",
            "name": "Escapable",
            "printedName": "Escapable",
            "usr": "s:s9EscapableP",
            "mangledName": "$ss9EscapableP"
          },
          {
            "kind": "Conformance",
            "name": "Equatable",
            "printedName": "Equatable",
            "usr": "s:SQ",
            "mangledName": "$sSQ"
          },
          {
            "kind": "Conformance",
            "name": "Hashable",
            "printedName": "Hashable",
            "usr": "s:SH",
            "mangledName": "$sSH"
          },
          {
            "kind": "Conformance",
            "name": "CVarArg",
            "printedName": "CVarArg",
            "usr": "s:s7CVarArgP",
            "mangledName": "$ss7CVarArgP"
          },
          {
            "kind": "Conformance",
            "name": "_KeyValueCodingAndObservingPublishing",
            "printedName": "_KeyValueCodingAndObservingPublishing",
            "usr": "s:10Foundation37_KeyValueCodingAndObservingPublishingP",
            "mangledName": "$s10Foundation37_KeyValueCodingAndObservingPublishingP"
          },
          {
            "kind": "Conformance",
            "name": "_KeyValueCodingAndObserving",
            "printedName": "_KeyValueCodingAndObserving",
            "usr": "s:10Foundation27_KeyValueCodingAndObservingP",
            "mangledName": "$s10Foundation27_KeyValueCodingAndObservingP"
          },
          {
            "kind": "Conformance",
            "name": "CustomStringConvertible",
            "printedName": "CustomStringConvertible",
            "usr": "s:s23CustomStringConvertibleP",
            "mangledName": "$ss23CustomStringConvertibleP"
          },
          {
            "kind": "Conformance",
            "name": "CustomDebugStringConvertible",
            "printedName": "CustomDebugStringConvertible",
            "usr": "s:s28CustomDebugStringConvertibleP",
            "mangledName": "$ss28CustomDebugStringConvertibleP"
          },
          {
            "kind": "Conformance",
            "name": "Sendable",
            "printedName": "Sendable",
            "usr": "s:s8SendableP",
            "mangledName": "$ss8SendableP"
          },
          {
            "kind": "Conformance",
            "name": "UITraitChangeObservable",
            "printedName": "UITraitChangeObservable",
            "usr": "s:5UIKit23UITraitChangeObservableP",
            "mangledName": "$s5UIKit23UITraitChangeObservableP"
          },
          {
            "kind": "Conformance",
            "name": "__DefaultCustomPlaygroundQuickLookable",
            "printedName": "__DefaultCustomPlaygroundQuickLookable",
            "usr": "s:s38__DefaultCustomPlaygroundQuickLookableP",
            "mangledName": "$ss38__DefaultCustomPlaygroundQuickLookableP"
          }
        ]
      },
      {
        "kind": "Import",
        "name": "Foundation",
        "printedName": "Foundation",
        "declKind": "Import",
        "moduleName": "oneSDKBranch",
        "declAttributes": [
          "RawDocComment"
        ]
      },
      {
        "kind": "TypeDecl",
        "name": "oneSDKBranch",
        "printedName": "oneSDKBranch",
        "children": [
          {
            "kind": "Function",
            "name": "sendLogin",
            "printedName": "sendLogin()",
            "children": [
              {
                "kind": "TypeNominal",
                "name": "Void",
                "printedName": "()"
              }
            ],
            "declKind": "Func",
            "usr": "c:@M@oneSDKBranch@objc(cs)oneSDKBranch(cm)sendLogin",
            "mangledName": "$s12oneSDKBranchAAC9sendLoginyyFZ",
            "moduleName": "oneSDKBranch",
            "static": true,
            "declAttributes": [
              "Final",
              "AccessControl",
              "ObjC"
            ],
            "funcSelfKind": "NonMutating"
          },
          {
            "kind": "Function",
            "name": "updateGameInfo",
            "printedName": "updateGameInfo(UserName:Vip:)",
            "children": [
              {
                "kind": "TypeNominal",
                "name": "Void",
                "printedName": "()"
              },
              {
                "kind": "TypeNominal",
                "name": "String",
                "printedName": "Swift.String",
                "usr": "s:SS"
              },
              {
                "kind": "TypeNominal",
                "name": "Int",
                "printedName": "Swift.Int",
                "usr": "s:Si"
              }
            ],
            "declKind": "Func",
            "usr": "c:@M@oneSDKBranch@objc(cs)oneSDKBranch(cm)updateGameInfoWithUserName:Vip:",
            "mangledName": "$s12oneSDKBranchAAC14updateGameInfo8UserName3VipySS_SitFZ",
            "moduleName": "oneSDKBranch",
            "static": true,
            "objc_name": "updateGameInfoWithUserName:Vip:",
            "declAttributes": [
              "Final",
              "AccessControl",
              "ObjC"
            ],
            "funcSelfKind": "NonMutating"
          },
          {
            "kind": "Constructor",
            "name": "init",
            "printedName": "init()",
            "children": [
              {
                "kind": "TypeNominal",
                "name": "oneSDKBranch",
                "printedName": "oneSDKBranch.oneSDKBranch",
                "usr": "c:@M@oneSDKBranch@objc(cs)oneSDKBranch"
              }
            ],
            "declKind": "Constructor",
            "usr": "c:@M@oneSDKBranch@objc(cs)oneSDKBranch(im)init",
            "mangledName": "$s12oneSDKBranchAACABycfc",
            "moduleName": "oneSDKBranch",
            "overriding": true,
            "implicit": true,
            "objc_name": "init",
            "declAttributes": [
              "Dynamic",
              "ObjC",
              "Override"
            ],
            "init_kind": "Designated"
          }
        ],
        "declKind": "Class",
        "usr": "c:@M@oneSDKBranch@objc(cs)oneSDKBranch",
        "mangledName": "$s12oneSDKBranchAAC",
        "moduleName": "oneSDKBranch",
        "isOpen": true,
        "declAttributes": [
          "AccessControl",
          "ObjCMembers",
          "ObjC"
        ],
        "superclassUsr": "c:objc(cs)NSObject",
        "inheritsConvenienceInitializers": true,
        "superclassNames": [
          "ObjectiveC.NSObject"
        ],
        "conformances": [
          {
            "kind": "Conformance",
            "name": "Copyable",
            "printedName": "Copyable",
            "usr": "s:s8CopyableP",
            "mangledName": "$ss8CopyableP"
          },
          {
            "kind": "Conformance",
            "name": "Escapable",
            "printedName": "Escapable",
            "usr": "s:s9EscapableP",
            "mangledName": "$ss9EscapableP"
          },
          {
            "kind": "Conformance",
            "name": "Equatable",
            "printedName": "Equatable",
            "usr": "s:SQ",
            "mangledName": "$sSQ"
          },
          {
            "kind": "Conformance",
            "name": "Hashable",
            "printedName": "Hashable",
            "usr": "s:SH",
            "mangledName": "$sSH"
          },
          {
            "kind": "Conformance",
            "name": "CVarArg",
            "printedName": "CVarArg",
            "usr": "s:s7CVarArgP",
            "mangledName": "$ss7CVarArgP"
          },
          {
            "kind": "Conformance",
            "name": "_KeyValueCodingAndObservingPublishing",
            "printedName": "_KeyValueCodingAndObservingPublishing",
            "usr": "s:10Foundation37_KeyValueCodingAndObservingPublishingP",
            "mangledName": "$s10Foundation37_KeyValueCodingAndObservingPublishingP"
          },
          {
            "kind": "Conformance",
            "name": "_KeyValueCodingAndObserving",
            "printedName": "_KeyValueCodingAndObserving",
            "usr": "s:10Foundation27_KeyValueCodingAndObservingP",
            "mangledName": "$s10Foundation27_KeyValueCodingAndObservingP"
          },
          {
            "kind": "Conformance",
            "name": "CustomStringConvertible",
            "printedName": "CustomStringConvertible",
            "usr": "s:s23CustomStringConvertibleP",
            "mangledName": "$ss23CustomStringConvertibleP"
          },
          {
            "kind": "Conformance",
            "name": "CustomDebugStringConvertible",
            "printedName": "CustomDebugStringConvertible",
            "usr": "s:s28CustomDebugStringConvertibleP",
            "mangledName": "$ss28CustomDebugStringConvertibleP"
          }
        ]
      }
    ],
    "json_format_version": 8
  },
  "ConstValues": [
    {
      "filePath": "\/Users\/tianxia\/Desktop\/cibSDK\/ios\/oneSDKBranch\/oneSDKBranch\/view\/register\/oneSDKBranchRegisterView.swift",
      "kind": "StringLiteral",
      "offset": 297,
      "length": 14,
      "value": "\"分支注册\""
    },
    {
      "filePath": "\/Users\/tianxia\/Desktop\/cibSDK\/ios\/oneSDKBranch\/oneSDKBranch\/view\/register\/oneSDKBranchRegisterView.swift",
      "kind": "IntegerLiteral",
      "offset": 359,
      "length": 2,
      "value": "24"
    },
    {
      "filePath": "\/Users\/tianxia\/Desktop\/cibSDK\/ios\/oneSDKBranch\/oneSDKBranch\/view\/register\/oneSDKBranchRegisterView.swift",
      "kind": "BooleanLiteral",
      "offset": 474,
      "length": 5,
      "value": "false"
    },
    {
      "filePath": "\/Users\/tianxia\/Desktop\/cibSDK\/ios\/oneSDKBranch\/oneSDKBranch\/view\/register\/oneSDKBranchRegisterView.swift",
      "kind": "StringLiteral",
      "offset": 676,
      "length": 20,
      "value": "\"请输入用户名\""
    },
    {
      "filePath": "\/Users\/tianxia\/Desktop\/cibSDK\/ios\/oneSDKBranch\/oneSDKBranch\/view\/register\/oneSDKBranchRegisterView.swift",
      "kind": "BooleanLiteral",
      "offset": 804,
      "length": 5,
      "value": "false"
    },
    {
      "filePath": "\/Users\/tianxia\/Desktop\/cibSDK\/ios\/oneSDKBranch\/oneSDKBranch\/view\/register\/oneSDKBranchRegisterView.swift",
      "kind": "StringLiteral",
      "offset": 1007,
      "length": 17,
      "value": "\"请输入密码\""
    },
    {
      "filePath": "\/Users\/tianxia\/Desktop\/cibSDK\/ios\/oneSDKBranch\/oneSDKBranch\/view\/register\/oneSDKBranchRegisterView.swift",
      "kind": "BooleanLiteral",
      "offset": 1108,
      "length": 4,
      "value": "true"
    },
    {
      "filePath": "\/Users\/tianxia\/Desktop\/cibSDK\/ios\/oneSDKBranch\/oneSDKBranch\/view\/register\/oneSDKBranchRegisterView.swift",
      "kind": "BooleanLiteral",
      "offset": 1175,
      "length": 5,
      "value": "false"
    },
    {
      "filePath": "\/Users\/tianxia\/Desktop\/cibSDK\/ios\/oneSDKBranch\/oneSDKBranch\/view\/register\/oneSDKBranchRegisterView.swift",
      "kind": "StringLiteral",
      "offset": 1353,
      "length": 8,
      "value": "\"注册\""
    },
    {
      "filePath": "\/Users\/tianxia\/Desktop\/cibSDK\/ios\/oneSDKBranch\/oneSDKBranch\/view\/register\/oneSDKBranchRegisterView.swift",
      "kind": "IntegerLiteral",
      "offset": 1509,
      "length": 1,
      "value": "8"
    },
    {
      "filePath": "\/Users\/tianxia\/Desktop\/cibSDK\/ios\/oneSDKBranch\/oneSDKBranch\/view\/register\/oneSDKBranchRegisterView.swift",
      "kind": "BooleanLiteral",
      "offset": 1570,
      "length": 5,
      "value": "false"
    }
  ]
}